request_id,amount_safe_to_pay,affordability_status,recommended_payment_method,payment_plan,earliest_date_for_full_payment,spending_changes_needed,decision_explanation
request_26,15656000,affordable_now,full_payment,2025-08-03:15656000,2025-08-03,none,Pay IDR 15656000 today. This keeps at least IDR 68892564.28 available.
request_27,6670,affordable_now,full_payment,2026-07-05:6670,2026-07-05,none,Pay ZAR 6670 today. This keeps at least ZAR 32738.49 available.
request_28,328.91,affordable_later,wait,2024-08-15:1302.40,2024-08-15,none,"Wait until 15 August 2024, then pay EUR 1302.40 in full. This keeps at least EUR 1428.91 available."
request_29,42.49,not_affordable,not_recommended,none,,none,"Do not proceed with the ZAR 51524 request. Although ZAR 42.49 is safe today, no eligible option completes it by 23 November 2025 while protecting the ZAR 28300 minimum."
request_30,266.34,not_affordable,not_recommended,none,,none,"Do not proceed with the USD 775.20 request. Although USD 266.34 is safe today, no eligible option completes it by 6 June 2026 while protecting the USD 900 minimum."
request_31,2940990.3,affordable_later,wait,2024-11-15:18164000,2024-11-15,none,"Wait until 15 November 2024, then pay IDR 18164000 in full. This keeps at least IDR 19529890.31 available."
request_32,13321.05,not_affordable,not_recommended,none,,none,"Do not proceed with the ZAR 40018 request. Although ZAR 13321.05 is safe today, no eligible option completes it by 15 April 2025 while protecting the ZAR 35700 minimum."
request_33,36603.62,affordable_later,wait,2026-02-15:118000,2026-02-15,none,"Wait until 15 February 2026, then pay INR 118000 in full. This keeps at least INR 109220.17 available."
request_34,129400,affordable_now,full_payment,2024-12-04:129400,2024-12-04,none,Pay INR 129400 today. This keeps at least INR 263241.13 available.
request_35,26448.71,affordable_later,wait,2026-01-15:212000,2026-01-15,none,"Wait until 15 January 2026, then pay INR 212000 in full. This keeps at least INR 132848.71 available."
request_36,586.12,affordable_later,wait,2026-09-15:3954,2026-09-15,none,"Wait until 15 September 2026, then pay USD 3954 in full. This keeps at least USD 2779.76 available."
request_37,5319936.44,affordable_later,wait,2024-05-15:14649000,2024-05-15,none,"Wait until 15 May 2024, then pay IDR 14649000 in full. This keeps at least IDR 22234044.79 available."
request_38,149.7,affordable_later,wait,2025-10-15:971.30,2025-10-15,none,"Wait until 15 October 2025, then pay EUR 971.30 in full. This keeps at least EUR 549.71 available."
request_39,64572.09,affordable_later,wait,2026-06-15:208600,2026-06-15,none,"Wait until 15 June 2026, then pay INR 208600 in full. This keeps at least INR 277972.09 available."
request_40,354.37,affordable_later,wait,2024-08-15:1290.30,2024-08-15,none,"Wait until 15 August 2024, then pay EUR 1290.30 in full. This keeps at least EUR 1510.48 available."
request_41,8004580.98,affordable_later,wait,2026-01-15:38760000,2026-01-15,none,"Wait until 15 January 2026, then pay IDR 38760000 in full. This keeps at least IDR 33371180.98 available."
request_42,0,not_affordable,not_recommended,none,,none,Do not make this payment by 15 March 2026. No eligible option keeps the INR 113100 minimum protected.
request_43,6711633.9,affordable_later,wait,2024-11-15:43339000,2024-11-15,none,"Wait until 15 November 2024, then pay IDR 43339000 in full. This keeps at least IDR 28109633.90 available."
request_44,29881.84,not_affordable,not_recommended,none,,none,"Do not proceed with the INR 95800 request. Although INR 29881.84 is safe today, no eligible option completes it by 15 April 2025 while protecting the INR 82900 minimum."
request_45,3338200.95,affordable_later,wait,2026-09-15:21983000,2026-09-15,none,"Wait until 15 September 2026, then pay IDR 21983000 in full. This keeps at least IDR 12078502.14 available."
request_46,40396.24,affordable_with_plan,partial_payment,2024-12-03:40396.24|2024-12-15:9053.76,2024-12-15,none,Pay INR 40396.24 today and the remaining INR 9053.76 on 15 December 2024. This keeps at least INR 84000 available.
request_47,4633122.51,not_affordable,not_recommended,none,,none,"Do not proceed with the IDR 38114000 request. Although IDR 4633122.51 is safe today, no eligible option completes it by 19 June 2025 while protecting the IDR 30049000 minimum."
request_48,45700,affordable_now,full_payment,2026-07-25:45700,2026-07-25,none,Pay INR 45700 today. This keeps at least INR 87228.37 available.
request_49,12754074.14,affordable_with_plan,installments,2024-03-18:11902106.67|2024-04-18:11902106.67|2024-05-19:11902106.67,2024-05-15,none,"Use 3 installments of IDR 11902106.67, starting 18 March 2024. This keeps at least IDR 20488056.58 available."
request_50,0,not_affordable,not_recommended,none,,none,Do not make this payment by 21 August 2025. No eligible option keeps the INR 99700 minimum protected.
request_51,2191000,affordable_now,full_payment,2026-01-03:2191000,2026-01-03,none,Pay IDR 2191000 today. This keeps at least IDR 11587668.85 available.
request_52,15456.07,affordable_later,wait,2024-06-15:28870,2024-06-15,none,"Wait until 15 June 2024, then pay INR 28870 in full. This keeps at least INR 54758.68 available."
request_53,489.4,affordable_with_plan,installments,2025-11-21:589.06|2025-12-19:589.06|2026-01-16:589.06,2026-01-15,none,"Use 3 installments of USD 589.06, starting 21 November 2025. This keeps at least USD 2303.20 available."
request_54,3847.44,not_affordable,not_recommended,none,,none,"Do not proceed with the ZAR 121528 request. Although ZAR 3847.44 is safe today, no eligible option completes it by 21 August 2026 while protecting the ZAR 37000 minimum."
request_55,114283.14,affordable_with_plan,installments,2026-06-11:75781.33|2026-07-12:75781.33|2026-08-12:75781.33,2026-08-15,stop:event_5101|stop:event_5102|reduce_to:event_5103:2536,"Use 3 installments of INR 75781.33, starting 11 June 2026. This keeps at least INR 126795.01 available."
request_56,524.53,affordable_with_plan,partial_payment,2025-02-03:524.53|2025-02-15:357.03,2025-02-15,none,Pay USD 524.53 today and the remaining USD 357.03 on 15 February 2025. This keeps at least USD 2100 available.
request_57,11554.74,affordable_later,wait,2026-06-15:61446,2026-06-15,none,"Wait until 15 June 2026, then pay ZAR 61446 in full. This keeps at least ZAR 54254.74 available."
request_58,0,not_affordable,not_recommended,none,,none,Do not make this payment by 25 January 2025. No eligible option keeps the IDR 14433900 minimum protected.
request_59,114099.78,affordable_with_plan,installments,2025-05-07:48741.33|2025-06-04:48741.33|2025-07-02:48741.33,,stop:event_5473|reduce_to:event_5537:3930,"Use 3 installments of INR 48741.33, starting 7 May 2025. This keeps at least INR 135470.03 available."
request_60,137.76,affordable_later,wait,2026-01-15:199.89,2026-01-15,none,"Wait until 15 January 2026, then pay USD 199.89 in full. This keeps at least USD 504.43 available."
request_61,29062,affordable_with_plan,installments,2024-03-17:10074.83|2024-04-17:10074.83|2024-05-18:10074.83,2024-03-03,none,"Use 3 installments of ZAR 10074.83, starting 17 March 2024. This keeps at least ZAR 39983.07 available."
request_62,404.23,affordable_now,full_payment,2025-08-05:404.23,2025-08-05,none,Pay USD 404.23 today. This keeps at least USD 4493.98 available.
request_63,44182.63,not_affordable,not_recommended,none,,none,"Do not proceed with the INR 343900 request. Although INR 44182.63 is safe today, no eligible option completes it by 17 September 2026 while protecting the INR 153500 minimum."
request_64,0,not_affordable,not_recommended,none,,none,Do not make this payment by 16 August 2024. No eligible option keeps the INR 36100 minimum protected.
request_65,5098.57,not_affordable,not_recommended,none,,none,"Do not proceed with the ZAR 54340 request. Although ZAR 5098.57 is safe today, no eligible option completes it by 25 November 2025 while protecting the ZAR 15500 minimum."
request_66,22200,affordable_now,full_payment,2026-04-03:22200,2026-04-03,none,Pay INR 22200 today. This keeps at least INR 242163.48 available.
request_67,313.25,affordable_later,wait,2024-11-15:2094,2024-11-15,none,"Wait until 15 November 2024, then pay USD 2094 in full. This keeps at least USD 1513.26 available."
request_68,1326.68,affordable_with_plan,installments,2025-02-14:725.09|2025-03-14:725.09|2025-04-11:725.09,2025-03-23,reduce_to:event_6331:24.80,"Use 3 installments of USD 725.09, starting 14 February 2025. This keeps at least USD 1548.36 available."
request_69,529.1,affordable_now,full_payment,2026-01-04:529.10,2026-01-04,none,Pay EUR 529.10 today. This keeps at least EUR 762.96 available.
request_70,40598.48,affordable_later,wait,2025-02-15:243900,2025-02-15,none,"Wait until 15 February 2025, then pay INR 243900 in full. This keeps at least INR 155598.48 available."
request_71,995327.25,not_affordable,not_recommended,none,,none,"Do not proceed with the IDR 21451000 request. Although IDR 995327.25 is safe today, no eligible option completes it by 28 May 2025 while protecting the IDR 8884800 minimum."
request_72,11330,affordable_now,full_payment,2026-07-05:11330,2026-07-05,none,Pay ZAR 11330 today. This keeps at least ZAR 12458.46 available.
request_73,71400,affordable_now,full_payment,2023-01-20:71400,2023-01-20,none,Pay INR 71400 today. This keeps at least INR 111805.92 available.
request_74,5010,affordable_now,full_payment,2025-08-04:5010,2025-08-04,none,Pay ZAR 5010 today. This keeps at least ZAR 61921.07 available.
request_75,11749.16,not_affordable,not_recommended,none,,none,"Do not proceed with the ZAR 28270 request. Although ZAR 11749.16 is safe today, no eligible option completes it by 12 June 2026 while protecting the ZAR 39000 minimum."
request_76,617.14,not_affordable,not_recommended,none,,none,"Do not proceed with the USD 4455.60 request. Although USD 617.14 is safe today, no eligible option completes it by 30 July 2024 while protecting the USD 1800 minimum."
request_77,60465.87,affordable_with_plan,full_payment,2025-11-05:60700,2025-11-15,stop:event_7143,"Stop event_7143, then pay INR 60700 today. This keeps at least INR 82670.87 available."
request_78,50200,affordable_now,full_payment,2025-10-02:50200,2025-10-02,none,Pay INR 50200 today. This keeps at least INR 55432.44 available.
request_79,361.55,not_affordable,not_recommended,none,,none,"Do not proceed with the EUR 2151.60 request. Although EUR 361.55 is safe today, no eligible option completes it by 1 November 2024 while protecting the EUR 1000 minimum."
request_80,5618.99,not_affordable,not_recommended,none,,none,"Do not proceed with the INR 217500 request. Although INR 5618.99 is safe today, no eligible option completes it by 21 February 2025 while protecting the INR 121300 minimum."
request_81,2076,affordable_now,full_payment,2026-07-03:2076,2026-07-03,none,Pay USD 2076 today. This keeps at least USD 1731.98 available.
request_82,377.77,affordable_later,wait,2025-02-15:1405.20,2025-02-15,none,"Wait until 15 February 2025, then pay USD 1405.20 in full. This keeps at least USD 1477.77 available."
request_83,3061.25,not_affordable,not_recommended,none,,none,"Do not proceed with the INR 156200 request. Although INR 3061.25 is safe today, no eligible option completes it by 17 June 2025 while protecting the INR 37800 minimum."
request_84,21816.06,affordable_later,wait,2026-06-15:95400,2026-06-15,none,"Wait until 15 June 2026, then pay INR 95400 in full. This keeps at least INR 107414.50 available."
request_85,426459.71,not_affordable,not_recommended,none,,none,"Do not proceed with the IDR 19304000 request. Although IDR 426459.71 is safe today, no eligible option completes it by 26 April 2024 while protecting the IDR 6396300 minimum."
request_86,46300,affordable_now,full_payment,2025-08-03:46300,2025-08-03,none,Pay INR 46300 today. This keeps at least INR 87912.88 available.
request_87,25840.58,not_affordable,not_recommended,none,,none,"Do not proceed with the INR 487900 request. Although INR 25840.58 is safe today, no eligible option completes it by 15 March 2026 while protecting the INR 185900 minimum."
request_88,8346.37,affordable_with_plan,installments,2024-06-14:9045.23|2024-07-15:9045.23|2024-08-15:9045.23,2024-07-15,reduce_to:event_8301:655.60,"Use 3 installments of ZAR 9045.23, starting 14 June 2024. This keeps at least ZAR 25875.24 available."
request_89,9321021.53,affordable_with_plan,installments,2025-11-18:4768746.67|2025-12-16:4768746.67|2026-01-13:4768746.67,2026-01-15,stop:event_8335|stop:event_8336|reduce_to:event_8337:266760,"Use 3 installments of IDR 4768746.67, starting 18 November 2025. This keeps at least IDR 12638379.02 available."
request_90,2560,affordable_now,full_payment,2026-07-06:2560,2026-07-06,none,Pay ZAR 2560 today. This keeps at least ZAR 26829.06 available.
request_91,371.81,affordable_later,wait,2024-11-15:1927.20,2024-11-15,none,"Wait until 15 November 2024, then pay EUR 1927.20 in full. This keeps at least EUR 2471.81 available."
request_92,34003.24,affordable_with_plan,full_payment,2025-02-05:34034,2025-02-15,stop:event_8621,"Stop event_8621, then pay ZAR 34034 today. This keeps at least ZAR 28219.94 available."
request_93,1670.04,affordable_with_plan,full_payment,2026-04-07:1729.20,2026-04-15,stop:event_8690|stop:event_8691,"Stop event_8690, then stop event_8691, then pay USD 1729.20 today. This keeps at least USD 1909.85 available."
request_94,572,affordable_now,full_payment,2024-12-04:572,2024-12-04,none,Pay EUR 572 today. This keeps at least EUR 1851.31 available.
request_95,3827.71,not_affordable,not_recommended,none,,none,"Do not proceed with the INR 553000 request. Although INR 3827.71 is safe today, no eligible option completes it by 14 July 2025 while protecting the INR 145500 minimum."
request_96,74057.93,affordable_with_plan,installments,2026-01-10:31269.33|2026-02-09:31269.33|2026-03-11:31269.33,2026-02-15,none,"Use 3 installments of INR 31269.33, starting 10 January 2026. This keeps at least INR 62069.60 available."
request_97,0,affordable_with_plan,installments,2024-03-19:8145.28|2024-04-19:8145.28|2024-05-20:8145.28,,reduce_to:event_9038:577.50,"Use 3 installments of ZAR 8145.28, starting 19 March 2024. This keeps at least ZAR 29920.96 available."
request_98,8108.02,affordable_later,wait,2025-09-15:27148,2025-09-15,none,"Wait until 15 September 2025, then pay ZAR 27148 in full. This keeps at least ZAR 33638.84 available."
request_99,17233.87,affordable_with_plan,full_payment,2026-07-04:18062,2026-07-15,stop:event_9188,"Stop event_9188, then pay ZAR 18062 today. This keeps at least ZAR 49323.47 available."
request_100,27080.2,affordable_with_plan,installments,2024-06-13:12866.19|2024-07-14:12866.19|2024-08-14:12866.19,2024-06-15,none,"Use 3 installments of ZAR 12866.19, starting 13 June 2024. This keeps at least ZAR 42612.66 available."
request_101,143257.88,affordable_with_plan,full_payment,2025-11-03:143500,2025-11-15,stop:event_9378,"Stop event_9378, then pay INR 143500 today. This keeps at least INR 189142.89 available."
request_102,1716,affordable_with_plan,installments,2026-04-05:594.88|2026-05-05:594.88|2026-06-04:594.88,2026-04-05,none,"Use 3 installments of EUR 594.88, starting 5 April 2026. This keeps at least EUR 3902.44 available."
request_103,4152.45,not_affordable,not_recommended,none,,none,"Do not proceed with the INR 368300 request. Although INR 4152.45 is safe today, no eligible option completes it by 7 October 2024 while protecting the INR 125500 minimum."
request_104,7777.29,not_affordable,not_recommended,none,,none,"Do not proceed with the ZAR 17204 request. Although ZAR 7777.29 is safe today, no eligible option completes it by 15 April 2025 while protecting the ZAR 24700 minimum."
request_105,53500,affordable_now,full_payment,2026-06-08:53500,2026-06-08,none,Pay INR 53500 today. This keeps at least INR 75485.88 available.
request_106,356.54,affordable_later,wait,2025-02-15:2207.70,2025-02-15,none,"Wait until 15 February 2025, then pay EUR 2207.70 in full. This keeps at least EUR 1556.54 available."
request_107,2352.16,affordable_with_plan,installments,2025-05-08:878.59|2025-06-05:878.59|2025-07-03:878.59,2025-07-15,stop:event_9894|stop:event_9895|reduce_to:event_9959:42.50,"Use 3 installments of EUR 878.59, starting 8 May 2025. This keeps at least EUR 1637.05 available."
request_108,1911.97,not_affordable,not_recommended,none,,none,"Do not proceed with the ZAR 55308 request. Although ZAR 1911.97 is safe today, no eligible option completes it by 26 July 2026 while protecting the ZAR 24100 minimum."
request_109,628.51,affordable_with_plan,installments,2024-03-18:645.98|2024-04-18:645.98|2024-05-19:645.98,2024-04-15,none,"Use 3 installments of EUR 645.98, starting 18 March 2024. This keeps at least EUR 2328.52 available."
request_110,22352,affordable_with_plan,installments,2025-08-06:7748.69|2025-09-03:7748.69|2025-10-01:7748.69,2025-08-06,none,"Use 3 installments of ZAR 7748.69, starting 6 August 2025. This keeps at least ZAR 25642.71 available."
request_111,16625000,affordable_now,full_payment,2026-04-03:16625000,2026-04-03,none,Pay IDR 16625000 today. This keeps at least IDR 24656168.51 available.
request_112,271.7,affordable_now,full_payment,2024-06-05:271.70,2024-06-05,none,Pay EUR 271.70 today. This keeps at least EUR 509.44 available.
request_113,28408.14,affordable_later,wait,2026-09-15:36500,2026-09-15,none,"Wait until 15 September 2026, then pay INR 36500 in full. This keeps at least INR 105296.09 available."
request_114,60911.26,not_affordable,not_recommended,none,2026-01-15,none,"Do not proceed with the INR 65300 request. Although INR 60911.26 is safe today, no eligible option completes it by 14 January 2026 while protecting the INR 113400 minimum."
request_115,11765.64,affordable_later,wait,2024-11-15:80500,2024-11-15,none,"Wait until 15 November 2024, then pay INR 80500 in full. This keeps at least INR 50565.65 available."
request_116,6791.17,not_affordable,not_recommended,none,,none,"Do not proceed with the INR 241200 request. Although INR 6791.17 is safe today, no eligible option completes it by 16 April 2025 while protecting the INR 80300 minimum."
request_117,863.53,affordable_with_plan,full_payment,2026-07-05:880,2026-07-15,stop:event_10833,"Stop event_10833, then pay EUR 880 today. This keeps at least EUR 1005.54 available."
request_118,647.47,affordable_with_plan,installments,2024-12-07:255.87|2025-01-07:255.87|2025-02-07:255.87,2024-12-15,none,"Use 3 installments of EUR 255.87, starting 7 December 2024. This keeps at least EUR 637.58 available."
request_119,54593.84,affordable_with_plan,installments,2025-05-18:70546.67|2025-06-15:70546.67|2025-07-13:70546.67,2025-06-15,reduce_to:event_11016:2655,"Use 3 installments of INR 70546.67, starting 18 May 2025. This keeps at least INR 151512.32 available."
request_120,7714000,affordable_now,full_payment,2026-04-06:7714000,2026-04-06,none,Pay IDR 7714000 today. This keeps at least IDR 20267196.56 available.
request_121,633.6,affordable_now,full_payment,2024-03-03:633.60,2024-03-03,none,Pay USD 633.60 today. This keeps at least USD 860.11 available.
request_122,20558000,affordable_with_plan,installments,2025-08-05:7126773.33|2025-09-02:7126773.33|2025-09-30:7126773.33,2025-08-05,none,"Use 3 installments of IDR 7126773.33, starting 5 August 2025. This keeps at least IDR 47481549.34 available."
request_123,2127195.4,not_affordable,not_recommended,none,,none,"Do not proceed with the IDR 4076000 request. Although IDR 2127195.40 is safe today, no eligible option completes it by 28 March 2026 while protecting the IDR 18091200 minimum."
request_124,1236.59,affordable_with_plan,installments,2024-06-11:1076.12|2024-07-12:1076.12|2024-08-12:1076.12,2024-08-15,reduce_to:event_11480:38,"Use 3 installments of EUR 1076.12, starting 11 June 2024. This keeps at least EUR 1603.68 available."
request_125,5671.93,not_affordable,not_recommended,none,2025-11-15,none,"Do not proceed with the ZAR 6468 request. Although ZAR 5671.93 is safe today, no eligible option completes it by 14 November 2025 while protecting the ZAR 11300 minimum."
request_126,159600,affordable_now,full_payment,2026-07-03:159600,2026-07-03,none,Pay INR 159600 today. This keeps at least INR 183942.93 available.
request_127,6868.77,not_affordable,not_recommended,none,2024-11-15,none,"Do not proceed with the ZAR 23980 request. Although ZAR 6868.77 is safe today, no eligible option completes it by 18 October 2024 while protecting the ZAR 41000 minimum."
request_128,24407.06,affordable_with_plan,full_payment,2025-02-07:25168,2025-02-15,reduce_to:event_11812:1058.20,"Reduce event_11812 to zar 1058.20, then pay ZAR 25168 today. This keeps at least ZAR 42961.87 available."
request_129,97.36,not_affordable,not_recommended,none,,none,"Do not proceed with the USD 2668.80 request. Although USD 97.36 is safe today, no eligible option completes it by 18 June 2026 while protecting the USD 800 minimum."
request_130,393.6,affordable_later,wait,2025-02-15:1978.80,2025-02-15,none,"Wait until 15 February 2025, then pay USD 1978.80 in full. This keeps at least USD 1793.60 available."
request_131,1130.4,not_affordable,not_recommended,none,2025-07-23,none,"Do not proceed with the USD 1855.20 request. Although USD 1130.40 is safe today, no eligible option completes it by 8 July 2025 while protecting the USD 1100 minimum."
request_132,314.17,affordable_later,wait,2026-01-15:379.86,2026-01-15,none,"Wait until 15 January 2026, then pay USD 379.86 in full. This keeps at least USD 1375.58 available."
request_133,0,not_affordable,not_recommended,none,,none,Do not make this payment by 29 March 2024. No eligible option keeps the IDR 9986200 minimum protected.
request_134,5473239.79,affordable_later,wait,2025-10-15:21831000,2025-10-15,none,"Wait until 15 October 2025, then pay IDR 21831000 in full. This keeps at least IDR 21375739.79 available."
request_135,276.25,affordable_with_plan,full_payment,2026-07-06:304.80,2026-07-15,reduce_to:event_12413:11.50|reduce_to:event_12458:17.50,"Reduce event_12413 to usd 11.50, then reduce event_12458 to usd 17.50, then pay USD 304.80 today. This keeps at least USD 500.79 available."
request_136,532.66,affordable_with_plan,full_payment,2024-06-03:560.40,2024-06-15,reduce_to:event_12498:27.20,"Reduce event_12498 to usd 27.20, then pay USD 560.40 today. This keeps at least USD 1112.66 available."
request_137,29730.86,affordable_later,wait,2026-01-15:80100,2026-01-15,none,"Wait until 15 January 2026, then pay INR 80100 in full. This keeps at least INR 88446.27 available."
request_138,697,affordable_with_plan,partial_payment,2026-04-07:697|2026-04-15:559.94,2026-04-15,none,Pay EUR 697 today and the remaining EUR 559.94 on 15 April 2026. This keeps at least EUR 2300.01 available.
request_139,1349.89,affordable_with_plan,installments,2024-09-07:802.88|2024-10-08:802.88|2024-11-08:802.88,2024-10-15,none,"Use 3 installments of USD 802.88, starting 7 September 2024. This keeps at least USD 1783.96 available."
request_140,1499.97,not_affordable,not_recommended,none,,none,"Do not proceed with the ZAR 62832 request. Although ZAR 1499.97 is safe today, no eligible option completes it by 4 March 2025 while protecting the ZAR 21600 minimum."
request_141,25585.49,not_affordable,not_recommended,none,,none,"Do not proceed with the INR 171600 request. Although INR 25585.49 is safe today, no eligible option completes it by 12 February 2026 while protecting the INR 67300 minimum."
request_142,1263.6,affordable_now,full_payment,2024-12-05:1263.60,2024-12-05,none,Pay USD 1263.60 today. This keeps at least USD 4251.45 available.
request_143,2537.59,affordable_later,wait,2025-07-15:12584,2025-07-15,none,"Wait until 15 July 2025, then pay ZAR 12584 in full. This keeps at least ZAR 13269.03 available."
request_144,233.34,affordable_now,full_payment,2026-07-04:233.34,2026-07-04,none,Pay USD 233.34 today. This keeps at least USD 608.62 available.
request_145,27009.08,affordable_with_plan,installments,2024-03-20:75365.33|2024-04-20:75365.33|2024-05-21:75365.33,2024-05-15,reduce_to:event_13409:3335,"Use 3 installments of INR 75365.33, starting 20 March 2024. This keeps at least INR 157663.72 available."
request_146,15775.38,not_affordable,not_recommended,none,,none,"Do not proceed with the INR 449400 request. Although INR 15775.38 is safe today, no eligible option completes it by 17 October 2025 while protecting the INR 108600 minimum."
request_147,382.5,affordable_with_plan,installments,2026-04-08:391.63|2026-05-08:391.63|2026-06-07:391.63,2026-05-15,stop:event_13521,"Use 3 installments of EUR 391.63, starting 8 April 2026. This keeps at least EUR 920.87 available."
request_148,7182.09,affordable_with_plan,installments,2024-06-14:7710.56|2024-07-15:7710.56|2024-08-15:7710.56,2024-07-15,stop:event_13592,"Use 3 installments of ZAR 7710.56, starting 14 June 2024. This keeps at least ZAR 20046.83 available."
request_149,22307.54,affordable_with_plan,installments,2025-11-18:12706.03|2025-12-16:12706.03|2026-01-13:12706.03,2025-12-15,stop:event_13702,"Use 3 installments of ZAR 12706.03, starting 18 November 2025. This keeps at least ZAR 42374.47 available."
request_150,335.9,affordable_with_plan,installments,2026-01-06:171.98|2026-02-05:171.98|2026-03-07:171.98,2026-01-15,none,"Use 3 installments of EUR 171.98, starting 6 January 2026. This keeps at least EUR 863.93 available."
request_151,26681331.64,affordable_with_plan,full_payment,2024-09-03:26999000,2024-09-15,reduce_to:event_13923:633650,"Reduce event_13923 to idr 633650, then pay IDR 26999000 today. This keeps at least IDR 32050964.46 available."
request_152,11102.92,affordable_with_plan,installments,2025-02-12:4812.43|2025-03-12:4812.43|2025-04-09:4812.43,2025-04-15,stop:event_13957|stop:event_13958|reduce_to:event_14024:234.30,"Use 3 installments of ZAR 4812.43, starting 12 February 2025. This keeps at least ZAR 12110.33 available."
request_153,146.62,not_affordable,not_recommended,none,,none,"Do not proceed with the USD 2830.80 request. Although USD 146.62 is safe today, no eligible option completes it by 24 September 2026 while protecting the USD 1400 minimum."
request_154,0,not_affordable,not_recommended,none,,none,Do not make this payment by 14 February 2025. No eligible option keeps the EUR 1300 minimum protected.
request_155,112500,affordable_now,full_payment,2025-05-06:112500,2025-05-06,none,Pay INR 112500 today. This keeps at least INR 77253.13 available.
request_156,6209.36,affordable_later,wait,2026-06-15:43076,2026-06-15,none,"Wait until 15 June 2026, then pay ZAR 43076 in full. This keeps at least ZAR 33109.37 available."
request_157,5496033.27,affordable_later,wait,2024-05-15:23503000,2024-05-15,none,"Wait until 15 May 2024, then pay IDR 23503000 in full. This keeps at least IDR 21210133.28 available."
request_158,242600,affordable_with_plan,installments,2025-08-07:84101.33|2025-09-04:84101.33|2025-10-02:84101.33,2025-08-07,none,"Use 3 installments of INR 84101.33, starting 7 August 2025. This keeps at least INR 463814.91 available."
request_159,0,not_affordable,not_recommended,none,,none,Do not make this payment by 20 March 2026. No eligible option keeps the ZAR 8700 minimum protected.
request_160,480.27,affordable_with_plan,installments,2024-06-13:432.05|2024-07-14:432.05|2024-08-14:432.05,2024-07-15,none,"Use 3 installments of EUR 432.05, starting 13 June 2024. This keeps at least EUR 1248.22 available."
request_161,6918579.62,affordable_later,wait,2026-01-15:21204000,2026-01-15,none,"Wait until 15 January 2026, then pay IDR 21204000 in full. This keeps at least IDR 29928979.62 available."
request_162,1407801.21,not_affordable,not_recommended,none,,none,"Do not proceed with the IDR 83923000 request. Although IDR 1407801.21 is safe today, no eligible option completes it by 26 August 2026 while protecting the IDR 24161100 minimum."
request_163,8451519.07,affordable_with_plan,installments,2024-09-10:6692053.33|2024-10-11:6692053.33|2024-11-11:6692053.33,2024-11-15,reduce_to:event_15018:664050,"Use 3 installments of IDR 6692053.33, starting 10 September 2024. This keeps at least IDR 27749891.10 available."
request_164,27018000,affordable_with_plan,installments,2025-02-11:9366240|2025-03-11:9366240|2025-04-08:9366240,2025-02-04,none,"Use 3 installments of IDR 9366240, starting 11 February 2025. This keeps at least IDR 32440174.80 available."
request_165,67648.89,affordable_with_plan,full_payment,2026-04-06:80600,,stop:event_15135|reduce_to:event_15136:1048,"Stop event_15135, then reduce event_15136 to inr 1048, then pay INR 80600 today. This keeps at least INR 97013.77 available."
request_166,2907.6,affordable_with_plan,installments,2024-12-03:1007.97|2025-01-03:1007.97|2025-02-03:1007.97,2024-12-03,none,"Use 3 installments of USD 1007.97, starting 3 December 2024. This keeps at least USD 7097.66 available."
request_167,43802,affordable_now,full_payment,2025-05-05:43802,2025-05-05,none,Pay ZAR 43802 today. This keeps at least ZAR 36277.39 available.
request_168,33853.59,affordable_with_plan,partial_payment,2026-01-07:33853.59|2026-01-15:15526.41,2026-01-15,none,Pay INR 33853.59 today and the remaining INR 15526.41 on 15 January 2026. This keeps at least INR 114400.01 available.
request_169,41976,affordable_now,full_payment,2024-03-04:41976,2024-03-04,none,Pay ZAR 41976 today. This keeps at least ZAR 24256.29 available.
request_170,29759389.38,affordable_with_plan,installments,2025-08-06:12804480|2025-09-03:12804480|2025-10-01:12804480,2025-09-15,stop:event_15604,"Use 3 installments of IDR 12804480, starting 6 August 2025. This keeps at least IDR 25152080.85 available."
request_171,29.68,not_affordable,not_recommended,none,,none,"Do not proceed with the EUR 1878.80 request. Although EUR 29.68 is safe today, no eligible option completes it by 10 September 2026 while protecting the EUR 500 minimum."
request_172,9057.84,affordable_with_plan,partial_payment,2024-06-05:9057.84|2024-06-15:1142.16,2024-06-15,none,Pay ZAR 9057.84 today and the remaining ZAR 1142.16 on 15 June 2024. This keeps at least ZAR 27200 available.
request_173,53898.86,affordable_with_plan,installments,2025-11-21:39173.33|2025-12-19:39173.33|2026-01-16:39173.33,,reduce_to:event_15946:2105,"Use 3 installments of INR 39173.33, starting 21 November 2025. This keeps at least INR 99767.48 available."
request_174,1082.13,affordable_with_plan,installments,2026-04-04:397.35|2026-05-04:397.35|2026-06-03:397.35,,stop:event_15974|stop:event_15975|reduce_to:event_16013:12.50,"Use 3 installments of EUR 397.35, starting 4 April 2026. This keeps at least EUR 711.79 available."
request_175,2346.3,affordable_now,full_payment,2024-09-06:2346.30,2024-09-06,none,Pay EUR 2346.30 today. This keeps at least EUR 1946.40 available.
request_176,0,not_affordable,not_recommended,none,,none,Do not make this payment by 27 February 2025. No eligible option keeps the EUR 600 minimum protected.
request_177,1017.6,affordable_now,full_payment,2026-01-05:1017.60,2026-01-05,none,Pay USD 1017.60 today. This keeps at least USD 1378.94 available.
request_178,2938.1,affordable_with_plan,installments,2024-12-07:1018.54|2025-01-07:1018.54|2025-02-07:1018.54,2024-12-07,none,"Use 3 installments of EUR 1018.54, starting 7 December 2024. This keeps at least EUR 6585.46 available."
request_179,6325093.98,affordable_later,wait,2025-07-15:41648000,2025-07-15,none,"Wait until 15 July 2025, then pay IDR 41648000 in full. This keeps at least IDR 47755893.99 available."
request_180,66500,affordable_now,full_payment,2026-07-06:66500,2026-07-06,none,Pay INR 66500 today. This keeps at least INR 47825.31 available.
request_181,413.94,not_affordable,not_recommended,none,,none,"Do not proceed with the USD 5059.20 request. Although USD 413.94 is safe today, no eligible option completes it by 7 April 2024 while protecting the USD 2000 minimum."
request_182,65714,affordable_now,full_payment,2025-08-05:65714,2025-08-05,none,Pay ZAR 65714 today. This keeps at least ZAR 41103.99 available.
request_183,23594681.8,affordable_with_plan,installments,2026-04-10:9313546.67|2026-05-10:9313546.67|2026-06-09:9313546.67,2026-04-15,none,"Use 3 installments of IDR 9313546.67, starting 10 April 2026. This keeps at least IDR 17546449.31 available."
request_184,12246.31,not_affordable,not_recommended,none,,none,"Do not proceed with the INR 251900 request. Although INR 12246.31 is safe today, no eligible option completes it by 30 July 2024 while protecting the INR 110800 minimum."
request_185,313.18,affordable_later,wait,2026-01-15:1257.30,2026-01-15,none,"Wait until 15 January 2026, then pay EUR 1257.30 in full. This keeps at least EUR 1301.65 available."
request_186,3897.27,not_affordable,not_recommended,none,,none,"Do not proceed with the ZAR 26554 request. Although ZAR 3897.27 is safe today, no eligible option completes it by 15 March 2026 while protecting the ZAR 22000 minimum."
request_187,27482.29,affordable_later,wait,2024-11-15:187500,2024-11-15,none,"Wait until 15 November 2024, then pay INR 187500 in full. This keeps at least INR 155782.29 available."
request_188,81.54,not_affordable,not_recommended,none,,none,"Do not proceed with the EUR 2464 request. Although EUR 81.54 is safe today, no eligible option completes it by 4 March 2025 while protecting the EUR 900 minimum."
request_189,488.4,affordable_now,full_payment,2026-07-04:488.40,2026-07-04,none,Pay EUR 488.40 today. This keeps at least EUR 475.22 available.
request_190,467.79,affordable_later,wait,2025-02-15:2557.50,2025-02-15,none,"Wait until 15 February 2025, then pay EUR 2557.50 in full. This keeps at least EUR 1786.61 available."
request_191,664.4,affordable_now,full_payment,2025-05-03:664.40,2025-05-03,none,Pay EUR 664.40 today. This keeps at least EUR 604.70 available.
request_192,81.6,not_affordable,not_recommended,none,,none,"Do not proceed with the USD 2046 request. Although USD 81.60 is safe today, no eligible option completes it by 11 May 2026 while protecting the USD 1000 minimum."
request_193,31.66,affordable_with_plan,installments,2024-03-21:420.23|2024-04-21:420.23|2024-05-22:420.23,2024-05-15,none,"Use 3 installments of EUR 420.23, starting 21 March 2024. This keeps at least EUR 1031.66 available."
request_194,34598.86,affordable_later,wait,2025-10-23:132800,2025-10-23,none,"Wait until 23 October 2025, then pay INR 132800 in full. This keeps at least INR 148198.87 available."
request_195,1004.42,affordable_with_plan,installments,2026-01-09:405.74|2026-02-08:405.74|2026-03-10:405.74,2026-01-15,none,"Use 3 installments of EUR 405.74, starting 9 January 2026. This keeps at least EUR 1077 available."
request_196,762.3,affordable_now,full_payment,2024-06-03:762.30,2024-06-03,none,Pay EUR 762.30 today. This keeps at least EUR 609.40 available.
request_197,50939000,affordable_with_plan,installments,2025-11-19:17658853.33|2025-12-17:17658853.33|2026-01-14:17658853.33,2025-11-05,none,"Use 3 installments of IDR 17658853.33, starting 19 November 2025. This keeps at least IDR 29239073.55 available."
request_198,185800,affordable_now,full_payment,2026-07-07:185800,2026-07-07,none,Pay INR 185800 today. This keeps at least INR 151862.31 available.
request_199,23674000,affordable_with_plan,installments,2024-09-07:8206986.67|2024-10-08:8206986.67|2024-11-08:8206986.67,2024-09-04,none,"Use 3 installments of IDR 8206986.67, starting 7 September 2024. This keeps at least IDR 36018193.58 available."
request_200,21717000,affordable_now,full_payment,2025-02-06:21717000,2025-02-06,none,Pay IDR 21717000 today. This keeps at least IDR 24245037.45 available.
request_201,23997000,affordable_now,full_payment,2026-04-03:23997000,2026-04-03,none,Pay IDR 23997000 today. This keeps at least IDR 19387958.03 available.
request_202,123900,affordable_now,full_payment,2024-12-05:123900,2024-12-05,none,Pay INR 123900 today. This keeps at least INR 165021.98 available.
request_203,1442.1,affordable_with_plan,installments,2025-05-10:499.93|2025-06-07:499.93|2025-07-05:499.93,2025-05-07,none,"Use 3 installments of EUR 499.93, starting 10 May 2025. This keeps at least EUR 3163.10 available."
request_204,573.96,affordable_later,wait,2026-01-15:588.74,2026-01-15,none,"Wait until 15 January 2026, then pay EUR 588.74 in full. This keeps at least EUR 1412.93 available."
request_205,10621000,affordable_now,full_payment,2024-03-06:10621000,2024-03-06,none,Pay IDR 10621000 today. This keeps at least IDR 16146838.99 available.
request_206,1404.7,affordable_with_plan,installments,2025-08-03:486.96|2025-08-31:486.96|2025-09-28:486.96,2025-08-03,none,"Use 3 installments of EUR 486.96, starting 3 August 2025. This keeps at least EUR 2658.80 available."
request_207,4699.14,affordable_later,wait,2026-07-15:11830,2026-07-15,none,"Wait until 15 July 2026, then pay ZAR 11830 in full. This keeps at least ZAR 16087.81 available."
request_208,3100009.7,affordable_later,wait,2024-06-15:4413000,2024-06-15,none,"Wait until 15 June 2024, then pay IDR 4413000 in full. This keeps at least IDR 12488514.78 available."
request_209,1233.51,not_affordable,not_recommended,none,,none,"Do not proceed with the ZAR 56914 request. Although ZAR 1233.51 is safe today, no eligible option completes it by 25 November 2025 while protecting the ZAR 18400 minimum."
request_210,623.65,affordable_with_plan,partial_payment,2026-04-06:623.65|2026-04-15:736.37,2026-04-15,none,Pay USD 623.65 today and the remaining USD 736.37 on 15 April 2026. This keeps at least USD 2000 available.
request_211,284.86,affordable_later,wait,2024-11-15:1788.60,2024-11-15,none,"Wait until 15 November 2024, then pay EUR 1788.60 in full. This keeps at least EUR 1784.87 available."
request_212,3919532.59,not_affordable,not_recommended,none,,none,"Do not proceed with the IDR 71934000 request. Although IDR 3919532.59 is safe today, no eligible option completes it by 28 February 2025 while protecting the IDR 29579800 minimum."
request_213,3269.25,affordable_with_plan,installments,2026-01-21:1165.63|2026-02-20:1165.63|2026-03-22:1165.63,,stop:event_19549|reduce_to:event_19550:34.80,"Use 3 installments of USD 1165.63, starting 21 January 2026. This keeps at least USD 2188.29 available."
request_214,43789.59,affordable_with_plan,partial_payment,2024-12-04:43789.59|2024-12-15:25960.41,2024-12-15,none,Pay INR 43789.59 today and the remaining INR 25960.41 on 15 December 2024. This keeps at least INR 174900 available.
request_215,29986,affordable_with_plan,installments,2025-05-09:10395.15|2025-06-06:10395.15|2025-07-04:10395.15,2025-05-06,none,"Use 3 installments of ZAR 10395.15, starting 9 May 2025. This keeps at least ZAR 17258.65 available."
request_216,487.13,affordable_later,wait,2026-09-15:3332.40,2026-09-15,none,"Wait until 15 September 2026, then pay USD 3332.40 in full. This keeps at least USD 2287.14 available."
request_217,19459.09,affordable_with_plan,installments,2024-03-19:12889.07|2024-04-19:12889.07|2024-05-20:12889.07,2024-05-15,stop:event_19978,"Use 3 installments of ZAR 12889.07, starting 19 March 2024. This keeps at least ZAR 26977.36 available."
request_218,24463546.45,affordable_with_plan,installments,2025-08-07:21195893.33|2025-09-04:21195893.33|2025-10-02:21195893.33,2025-09-15,none,"Use 3 installments of IDR 21195893.33, starting 7 August 2025. This keeps at least IDR 37744853.13 available."
request_219,650.51,affordable_with_plan,installments,2026-04-07:580.01|2026-05-07:580.01|2026-06-06:580.01,2026-05-15,none,"Use 3 installments of EUR 580.01, starting 7 April 2026. This keeps at least EUR 1170.50 available."
request_220,60.13,not_affordable,not_recommended,none,,none,"Do not proceed with the EUR 3118.50 request. Although EUR 60.13 is safe today, no eligible option completes it by 3 July 2024 while protecting the EUR 1100 minimum."
request_221,109800,affordable_now,full_payment,2025-11-03:109800,2025-11-03,none,Pay INR 109800 today. This keeps at least INR 102867.60 available.
request_222,34078,affordable_now,full_payment,2026-01-05:34078,2026-01-05,none,Pay ZAR 34078 today. This keeps at least ZAR 63912.54 available.
request_223,898.7,affordable_now,full_payment,2024-09-07:898.70,2024-09-07,none,Pay EUR 898.70 today. This keeps at least EUR 929.64 available.
request_224,9829015.04,affordable_with_plan,partial_payment,2025-02-04:9829015.04|2025-02-15:497984.96,2025-02-15,none,Pay IDR 9829015.04 today and the remaining IDR 497984.96 on 15 February 2025. This keeps at least IDR 22187600.01 available.
request_225,10558693.95,affordable_with_plan,installments,2026-07-20:7647120|2026-08-19:7647120|2026-09-18:7647120,2026-09-15,none,"Use 3 installments of IDR 7647120, starting 20 July 2026. This keeps at least IDR 21811444.78 available."
request_226,157000,affordable_now,full_payment,2024-12-03:157000,2024-12-03,none,Pay INR 157000 today. This keeps at least INR 247124.65 available.
request_227,4810.11,not_affordable,not_recommended,none,,none,"Do not proceed with the INR 259700 request. Although INR 4810.11 is safe today, no eligible option completes it by 20 June 2025 while protecting the INR 62900 minimum."
request_228,1175630.37,not_affordable,not_recommended,none,,none,"Do not proceed with the IDR 63327000 request. Although IDR 1175630.37 is safe today, no eligible option completes it by 30 April 2026 while protecting the IDR 26191200 minimum."
request_229,487.05,affordable_with_plan,installments,2024-03-18:529.29|2024-04-18:529.29|2024-05-19:529.29,2024-05-15,none,"Use 3 installments of EUR 529.29, starting 18 March 2024. This keeps at least EUR 1303.71 available."
request_230,0,not_affordable,not_recommended,none,,none,Do not make this payment by 4 October 2025. No eligible option keeps the EUR 2000 minimum protected.
request_231,31012.91,affordable_with_plan,installments,2026-01-06:12378.08|2026-02-05:12378.08|2026-03-07:12378.08,2026-02-15,none,"Use 3 installments of ZAR 12378.08, starting 6 January 2026. This keeps at least ZAR 25318.41 available."
request_232,536.27,not_affordable,not_recommended,none,,none,"Do not proceed with the EUR 1970.10 request. Although EUR 536.27 is safe today, no eligible option completes it by 15 August 2024 while protecting the EUR 2400 minimum."
request_233,4272574.77,affordable_with_plan,partial_payment,2025-11-07:4272574.77|2025-11-15:1968425.23,2025-11-15,none,Pay IDR 4272574.77 today and the remaining IDR 1968425.23 on 15 November 2025. This keeps at least IDR 10365700 available.
request_234,184.57,affordable_later,wait,2026-09-15:1213.30,2026-09-15,none,"Wait until 15 September 2026, then pay EUR 1213.30 in full. This keeps at least EUR 884.57 available."
request_235,967.2,affordable_now,full_payment,2024-09-06:967.20,2024-09-06,none,Pay USD 967.20 today. This keeps at least USD 855.98 available.
request_236,5047504.71,not_affordable,not_recommended,none,,none,"Do not proceed with the IDR 52383000 request. Although IDR 5047504.71 is safe today, no eligible option completes it by 23 February 2025 while protecting the IDR 16768600 minimum."
request_237,23826000,affordable_now,full_payment,2026-04-05:23826000,2026-04-05,none,Pay IDR 23826000 today. This keeps at least IDR 26354212.14 available.
request_238,0,not_affordable,not_recommended,none,,none,Do not make this payment by 16 February 2025. No eligible option keeps the USD 700 minimum protected.
request_239,642,affordable_now,full_payment,2025-05-04:642,2025-05-04,none,Pay USD 642 today. This keeps at least USD 660.16 available.
request_240,14154.57,not_affordable,not_recommended,none,,none,"Do not proceed with the INR 101200 request. Although INR 14154.57 is safe today, no eligible option completes it by 20 March 2026 while protecting the INR 52800 minimum."
request_241,21052000,affordable_with_plan,installments,2024-03-17:7298026.67|2024-04-17:7298026.67|2024-05-18:7298026.67,2024-03-03,none,"Use 3 installments of IDR 7298026.67, starting 17 March 2024. This keeps at least IDR 20143158.86 available."
request_242,28.3,not_affordable,not_recommended,none,,none,"Do not proceed with the EUR 1966.80 request. Although EUR 28.30 is safe today, no eligible option completes it by 25 August 2025 while protecting the EUR 600 minimum."
request_243,17468,affordable_now,full_payment,2026-07-07:17468,2026-07-07,none,Pay ZAR 17468 today. This keeps at least ZAR 22431.88 available.
request_244,49918,affordable_now,full_payment,2024-06-04:49918,2024-06-04,none,Pay ZAR 49918 today. This keeps at least ZAR 57124.07 available.
request_245,23397.24,affordable_later,wait,2026-01-15:128500,2026-01-15,none,"Wait until 15 January 2026, then pay INR 128500 in full. This keeps at least INR 106507.03 available."
request_246,64086,affordable_with_plan,installments,2026-04-03:22216.48|2026-05-03:22216.48|2026-06-02:22216.48,2026-04-03,none,"Use 3 installments of ZAR 22216.48, starting 3 April 2026. This keeps at least ZAR 41986.23 available."
request_247,1059.3,affordable_now,full_payment,2024-09-05:1059.30,2024-09-05,none,Pay EUR 1059.30 today. This keeps at least EUR 1368.07 available.
request_248,371.08,not_affordable,not_recommended,none,,none,"Do not proceed with the USD 1965.60 request. Although USD 371.08 is safe today, no eligible option completes it by 28 April 2025 while protecting the USD 1300 minimum."
request_249,159.68,affordable_later,wait,2026-03-15:643.20,2026-03-15,none,"Wait until 15 March 2026, then pay USD 643.20 in full. This keeps at least USD 759.68 available."
request_250,12380.18,not_affordable,not_recommended,none,,none,"Do not proceed with the ZAR 124278 request. Although ZAR 12380.18 is safe today, no eligible option completes it by 18 January 2025 while protecting the ZAR 35300 minimum."
request_251,356.39,not_affordable,not_recommended,none,,none,"Do not proceed with the EUR 1513.60 request. Although EUR 356.39 is safe today, no eligible option completes it by 6 June 2025 while protecting the EUR 1300 minimum."
request_252,4636397.44,affordable_later,wait,2026-08-15:28082000,2026-08-15,none,"Wait until 15 August 2026, then pay IDR 28082000 in full. This keeps at least IDR 15186044.17 available."
request_253,1367.61,affordable_with_plan,installments,2024-03-21:984.60|2024-04-21:984.60|2024-05-22:984.60,2024-05-15,none,"Use 3 installments of EUR 984.60, starting 21 March 2024. This keeps at least EUR 2397.62 available."
request_254,554.9,affordable_later,wait,2025-10-15:3535.20,2025-10-15,none,"Wait until 15 October 2025, then pay USD 3535.20 in full. This keeps at least USD 3054.91 available."
request_255,3345000,affordable_now,full_payment,2026-04-06:3345000,2026-04-06,none,Pay IDR 3345000 today. This keeps at least IDR 9970187.58 available.
request_256,152069.96,affordable_with_plan,installments,2024-06-10:75816|2024-07-11:75816|2024-08-11:75816,2024-07-15,none,"Use 3 installments of INR 75816, starting 10 June 2024. This keeps at least INR 182025.58 available."
request_257,343.74,affordable_later,wait,2026-01-15:1352.40,2026-01-15,none,"Wait until 15 January 2026, then pay USD 1352.40 in full. This keeps at least USD 1834.75 available."
request_258,1113.6,affordable_now,full_payment,2026-01-07:1113.60,2026-01-07,none,Pay USD 1113.60 today. This keeps at least USD 1042.26 available.
request_259,148.12,affordable_later,wait,2024-11-15:935,2024-11-15,none,"Wait until 15 November 2024, then pay EUR 935 in full. This keeps at least EUR 748.13 available."
request_260,6326302.08,not_affordable,not_recommended,none,,none,"Do not proceed with the IDR 52079000 request. Although IDR 6326302.08 is safe today, no eligible option completes it by 18 April 2025 while protecting the IDR 20727700 minimum."
request_261,1830.4,affordable_now,full_payment,2026-07-03:1830.40,2026-07-03,none,Pay EUR 1830.40 today. This keeps at least EUR 1786.48 available.
request_262,0,not_affordable,not_recommended,none,,none,Do not make this payment by 24 January 2025. No eligible option keeps the IDR 31018500 minimum protected.
request_263,6797.58,not_affordable,not_recommended,none,,none,"Do not proceed with the ZAR 51546 request. Although ZAR 6797.58 is safe today, no eligible option completes it by 15 June 2025 while protecting the ZAR 24100 minimum."
request_264,21000.32,affordable_later,wait,2026-06-15:111300,2026-06-15,none,"Wait until 15 June 2026, then pay INR 111300 in full. This keeps at least INR 80500.33 available."
request_265,33433.23,affordable_with_plan,full_payment,2024-03-06:45970,,stop:event_24383|stop:event_24384,"Stop event_24383, then stop event_24384, then pay INR 45970 today. This keeps at least INR 192538.23 available."
request_266,766.29,not_affordable,not_recommended,none,2025-09-15,none,"Do not proceed with the EUR 935 request. Although EUR 766.29 is safe today, no eligible option completes it by 3 October 2025 while protecting the EUR 900 minimum."
request_267,1675.14,affordable_with_plan,installments,2026-01-08:667.33|2026-02-07:667.33|2026-03-09:667.33,2026-01-15,none,"Use 3 installments of EUR 667.33, starting 8 January 2026. This keeps at least EUR 1862.87 available."
request_268,907.34,affordable_with_plan,installments,2024-06-14:841.22|2024-07-15:841.22|2024-08-15:841.22,2024-07-15,none,"Use 3 installments of EUR 841.22, starting 14 June 2024. This keeps at least EUR 1466.12 available."
request_269,9750.18,affordable_later,wait,2025-12-15:15490,2025-12-15,none,"Wait until 15 December 2025, then pay ZAR 15490 in full. This keeps at least ZAR 26210.12 available."
request_270,95.75,not_affordable,not_recommended,none,,none,"Do not proceed with the USD 3028.80 request. Although USD 95.75 is safe today, no eligible option completes it by 30 August 2026 while protecting the USD 1400 minimum."
request_271,13683.16,affordable_later,wait,2024-11-15:91300,2024-11-15,none,"Wait until 15 November 2024, then pay INR 91300 in full. This keeps at least INR 71883.16 available."
request_272,5411690.68,affordable_with_plan,installments,2025-02-12:4709466.67|2025-03-12:4709466.67|2025-04-09:4709466.67,2025-03-15,none,"Use 3 installments of IDR 4709466.67, starting 12 February 2025. This keeps at least IDR 8210824.01 available."
request_273,7685199.95,affordable_with_plan,partial_payment,2026-04-07:7685199.95|2026-04-15:8175800.05,2026-04-15,none,Pay IDR 7685199.95 today and the remaining IDR 8175800.05 on 15 April 2026. This keeps at least IDR 18774600.01 available.
request_274,2283.02,affordable_with_plan,installments,2024-12-04:940.75|2025-01-04:940.75|2025-02-04:940.75,2024-12-15,none,"Use 3 installments of EUR 940.75, starting 4 December 2024. This keeps at least EUR 2522.95 available."
request_275,15884000,affordable_now,full_payment,2025-05-06:15884000,2025-05-06,none,Pay IDR 15884000 today. This keeps at least IDR 14339033.94 available.
